arrival_rate,repeat_number,request_id,queueing_delay,generation_time,total_latency,batch_size,trigger_reason
0.5,1,r0.5-rep1-1,0.208224,1.704419,1.921370,1,timeout
0.5,1,r0.5-rep1-2,0.209846,1.686180,1.897790,1,timeout
0.5,1,r0.5-rep1-3,0.207332,1.772395,1.981913,1,timeout
0.5,1,r0.5-rep1-4,1.432247,1.810271,3.248840,2,timeout
0.5,1,r0.5-rep1-5,1.257971,1.810271,3.074563,2,timeout
0.5,1,r0.5-rep1-6,0.203509,1.754140,1.960155,1,timeout
0.5,1,r0.5-rep1-7,0.213247,1.410153,1.624757,1,timeout
0.5,1,r0.5-rep1-8,0.205478,2.372580,2.581514,2,timeout
0.5,1,r0.5-rep1-9,0.032217,2.372580,2.408252,2,timeout
0.5,1,r0.5-rep1-10,0.320516,1.975314,2.299286,2,timeout
0.5,1,r0.5-rep1-11,0.178858,1.975314,2.157628,2,timeout
0.5,1,r0.5-rep1-12,0.200402,1.540954,1.742811,1,timeout
0.5,1,r0.5-rep1-13,0.206946,1.659561,1.867819,1,timeout
0.5,1,r0.5-rep1-14,1.081769,1.726300,2.809533,1,timeout
0.5,1,r0.5-rep1-15,0.332546,1.901651,2.235647,2,timeout
0.5,1,r0.5-rep1-16,0.011569,1.901651,1.914670,2,timeout
0.5,1,r0.5-rep1-17,1.723458,1.770301,3.495668,2,timeout
0.5,1,r0.5-rep1-18,1.087926,1.770301,2.860136,2,timeout
0.5,1,r0.5-rep1-19,1.062079,1.784809,2.848317,2,timeout
0.5,1,r0.5-rep1-20,0.219905,1.784809,2.006143,2,timeout
0.5,1,r0.5-rep1-21,0.210402,1.567006,1.779421,1,timeout
0.5,1,r0.5-rep1-22,1.326121,1.548219,2.875571,1,timeout
0.5,1,r0.5-rep1-23,0.209138,2.249949,2.460760,1,timeout
0.5,1,r0.5-rep1-24,0.202751,1.533522,1.738497,1,timeout
0.5,1,r0.5-rep1-25,0.424768,1.454914,1.882667,1,timeout
0.5,1,r0.5-rep1-26,1.045647,1.870652,2.918753,2,timeout
0.5,1,r0.5-rep1-27,0.136866,1.870652,2.009972,2,timeout
0.5,1,r0.5-rep1-28,1.873486,1.848849,3.724431,3,timeout
0.5,1,r0.5-rep1-29,1.500625,1.848849,3.351570,3,timeout
0.5,1,r0.5-rep1-30,0.106961,1.848849,1.957906,3,timeout
0.5,1,r0.5-rep1-31,1.166378,1.445441,2.613425,1,timeout
0.5,1,r0.5-rep1-32,0.206657,1.883884,2.091940,1,timeout
0.5,2,r0.5-rep2-1,0.207218,1.695699,1.905008,1,timeout
0.5,2,r0.5-rep2-2,0.208637,1.641980,1.852840,1,timeout
0.5,2,r0.5-rep2-3,0.204444,1.649233,1.855537,1,timeout
0.5,2,r0.5-rep2-4,1.293494,1.761205,3.056206,2,timeout
0.5,2,r0.5-rep2-5,1.114511,1.761205,2.877223,2,timeout
0.5,2,r0.5-rep2-6,0.210180,1.738392,1.950227,1,timeout
0.5,2,r0.5-rep2-7,0.208132,1.407891,1.617352,1,timeout
0.5,2,r0.5-rep2-8,0.207927,2.315881,2.528202,2,timeout
0.5,2,r0.5-rep2-9,0.048022,2.315881,2.368296,2,timeout
0.5,2,r0.5-rep2-10,0.277782,2.113737,2.393372,2,timeout
0.5,2,r0.5-rep2-11,0.135323,2.113737,2.250913,2,timeout
0.5,2,r0.5-rep2-12,0.203037,1.799333,2.004100,1,timeout
0.5,2,r0.5-rep2-13,0.209354,2.219109,2.429968,1,timeout
0.5,2,r0.5-rep2-14,1.648553,1.441468,3.090962,1,timeout
0.5,2,r0.5-rep2-15,0.622755,1.850266,2.475256,3,timeout
0.5,2,r0.5-rep2-16,0.311432,1.850266,2.163933,3,timeout
0.5,2,r0.5-rep2-17,0.121054,1.850266,1.973555,3,timeout
0.5,2,r0.5-rep2-18,1.329660,1.772530,3.103309,1,timeout
0.5,2,r0.5-rep2-19,1.290250,1.757516,3.049744,2,timeout
0.5,2,r0.5-rep2-20,0.460994,1.757516,2.220489,2,timeout
0.5,2,r0.5-rep2-21,0.208987,1.695540,1.906882,1,timeout
0.5,2,r0.5-rep2-22,1.445355,1.947481,3.394359,1,timeout
0.5,2,r0.5-rep2-23,0.206569,1.527417,1.735467,1,timeout
0.5,2,r0.5-rep2-24,0.207422,1.854725,2.063791,1,timeout
0.5,2,r0.5-rep2-25,0.744234,1.495072,2.240338,1,timeout
0.5,2,r0.5-rep2-26,1.395735,1.784835,3.182872,3,timeout
0.5,2,r0.5-rep2-27,0.482858,1.784835,2.269995,3,timeout
0.5,2,r0.5-rep2-28,0.325961,1.784835,2.113098,3,timeout
0.5,2,r0.5-rep2-29,1.749108,1.893302,3.644562,2,timeout
0.5,2,r0.5-rep2-30,0.366108,1.893302,2.261562,2,timeout
0.5,2,r0.5-rep2-31,1.495145,1.879506,3.376106,1,timeout
0.5,2,r0.5-rep2-32,0.843954,1.928567,2.774059,1,timeout
0.5,3,r0.5-rep3-1,0.203167,1.721249,1.927003,1,timeout
0.5,3,r0.5-rep3-2,0.213896,1.886921,2.102769,1,timeout
0.5,3,r0.5-rep3-3,0.214904,1.882313,2.099013,1,timeout
0.5,3,r0.5-rep3-4,1.525233,1.806921,3.334021,2,timeout
0.5,3,r0.5-rep3-5,1.343796,1.806921,3.152584,2,timeout
0.5,3,r0.5-rep3-6,0.250436,1.755196,2.006895,1,timeout
0.5,3,r0.5-rep3-7,0.208451,1.632941,1.842796,1,timeout
0.5,3,r0.5-rep3-8,0.204941,2.242863,2.451218,2,timeout
0.5,3,r0.5-rep3-9,0.031805,2.242863,2.278082,2,timeout
0.5,3,r0.5-rep3-10,0.200016,1.972807,2.174828,2,timeout
0.5,3,r0.5-rep3-11,0.053413,1.972807,2.028224,2,timeout
0.5,3,r0.5-rep3-12,0.209116,1.679718,1.890235,1,timeout
0.5,3,r0.5-rep3-13,0.209213,1.592402,1.802880,1,timeout
0.5,3,r0.5-rep3-14,1.007890,1.399740,2.408791,1,timeout
0.5,3,r0.5-rep3-15,0.209504,1.726500,1.937258,1,timeout
0.5,3,r0.5-rep3-16,1.617969,1.849412,3.469177,3,timeout
0.5,3,r0.5-rep3-17,1.428336,1.849412,3.279544,3,timeout
0.5,3,r0.5-rep3-18,0.790579,1.849412,2.641787,3,timeout
0.5,3,r0.5-rep3-19,0.836867,1.756962,2.595357,2,timeout
0.5,3,r0.5-rep3-20,0.005064,1.756962,1.763554,2,timeout
0.5,3,r0.5-rep3-21,0.206151,1.799866,2.007820,1,timeout
0.5,3,r0.5-rep3-22,1.553829,1.535661,3.090711,1,timeout
0.5,3,r0.5-rep3-23,0.205588,1.804217,2.011160,1,timeout
0.5,3,r0.5-rep3-24,0.209480,1.583833,1.796358,1,timeout
0.5,3,r0.5-rep3-25,0.474562,1.463742,1.939313,1,timeout
0.5,3,r0.5-rep3-26,1.087052,1.877636,2.967047,3,timeout
0.5,3,r0.5-rep3-27,0.166320,1.877636,2.046315,3,timeout
0.5,3,r0.5-rep3-28,0.023865,1.877636,1.903860,3,timeout
0.5,3,r0.5-rep3-29,1.537297,1.812264,3.351221,2,timeout
0.5,3,r0.5-rep3-30,0.148527,1.812264,1.962451,2,timeout
0.5,3,r0.5-rep3-31,1.177938,1.553032,2.732062,1,timeout
0.5,3,r0.5-rep3-32,0.200006,1.739472,1.940632,1,timeout
0.5,4,r0.5-rep4-1,0.206306,1.755484,1.964070,1,timeout
0.5,4,r0.5-rep4-2,0.209313,1.736956,1.947871,1,timeout
0.5,4,r0.5-rep4-3,0.204941,1.610701,1.817418,1,timeout
0.5,4,r0.5-rep4-4,1.261688,1.763263,3.028331,2,timeout
0.5,4,r0.5-rep4-5,1.087691,1.763263,2.854333,2,timeout
0.5,4,r0.5-rep4-6,0.212768,1.979802,2.194021,1,timeout
0.5,4,r0.5-rep4-7,0.201463,1.443834,1.646524,1,timeout
0.5,4,r0.5-rep4-8,0.200259,2.280801,2.484249,2,timeout
0.5,4,r0.5-rep4-9,0.032316,2.280801,2.316306,2,timeout
0.5,4,r0.5-rep4-10,0.218141,2.145786,2.366210,2,timeout
0.5,4,r0.5-rep4-11,0.074546,2.145786,2.222616,2,timeout
0.5,4,r0.5-rep4-12,0.202771,1.753668,1.957826,1,timeout
0.5,4,r0.5-rep4-13,0.207106,1.883669,2.092117,1,timeout
0.5,4,r0.5-rep4-14,1.310763,1.682396,2.994379,1,timeout
0.5,4,r0.5-rep4-15,0.524864,1.855599,2.382210,3,timeout
0.5,4,r0.5-rep4-16,0.211099,1.855599,2.068444,3,timeout
0.5,4,r0.5-rep4-17,0.014854,1.855599,1.872199,3,timeout
0.5,4,r0.5-rep4-18,1.224207,2.054989,3.280565,1,timeout
0.5,4,r0.5-rep4-19,1.465212,1.762998,3.229984,2,timeout
0.5,4,r0.5-rep4-20,0.625466,1.762998,2.390238,2,timeout
0.5,4,r0.5-rep4-21,0.208990,1.677601,1.888148,1,timeout
0.5,4,r0.5-rep4-22,1.427131,1.774809,3.203277,1,timeout
0.5,4,r0.5-rep4-23,0.213990,1.623874,1.839206,1,timeout
0.5,4,r0.5-rep4-24,0.200030,1.885118,2.086713,1,timeout
0.5,4,r0.5-rep4-25,0.778934,1.686766,2.466928,1,timeout
0.5,4,r0.5-rep4-26,1.624534,1.882789,3.510055,4,size
0.5,4,r0.5-rep4-27,0.710123,1.882789,2.595644,4,size
0.5,4,r0.5-rep4-28,0.551362,1.882789,2.436883,4,size
0.5,4,r0.5-rep4-29,0.190894,1.882789,2.076416,4,size
0.5,4,r0.5-rep4-30,0.690157,1.679192,2.370595,1,timeout
0.5,4,r0.5-rep4-31,1.583469,1.462957,3.047480,1,timeout
0.5,4,r0.5-rep4-32,0.522442,1.422942,1.946492,1,timeout
0.5,5,r0.5-rep5-1,0.213086,1.763655,1.978844,1,timeout
0.5,5,r0.5-rep5-2,0.204654,1.608591,1.814926,1,timeout
0.5,5,r0.5-rep5-3,0.215449,1.869984,2.087145,1,timeout
0.5,5,r0.5-rep5-4,1.528473,1.760914,3.291263,2,timeout
0.5,5,r0.5-rep5-5,1.340285,1.760914,3.103075,2,timeout
0.5,5,r0.5-rep5-6,0.200007,1.747376,1.948510,1,timeout
0.5,5,r0.5-rep5-7,0.207608,1.401609,1.610487,1,timeout
0.5,5,r0.5-rep5-8,0.201788,2.353375,2.559361,2,timeout
0.5,5,r0.5-rep5-9,0.031625,2.353375,2.389198,2,timeout
0.5,5,r0.5-rep5-10,0.288099,1.974113,2.264004,2,timeout
0.5,5,r0.5-rep5-11,0.134725,1.974113,2.110630,2,timeout
0.5,5,r0.5-rep5-12,0.208667,1.492658,1.703062,1,timeout
0.5,5,r0.5-rep5-13,0.200911,1.654460,1.856671,1,timeout
0.5,5,r0.5-rep5-14,1.084391,1.694128,2.779753,1,timeout
0.5,5,r0.5-rep5-15,0.312165,1.899135,2.212409,1,timeout
0.5,5,r0.5-rep5-16,1.900743,1.850343,3.752725,3,timeout
0.5,5,r0.5-rep5-17,1.715051,1.850343,3.567034,3,timeout
0.5,5,r0.5-rep5-18,1.078026,1.850343,2.930008,3,timeout
0.5,5,r0.5-rep5-19,1.125638,1.775091,2.903397,2,timeout
0.5,5,r0.5-rep5-20,0.304874,1.775091,2.082633,2,timeout
0.5,5,r0.5-rep5-21,0.203384,1.591782,1.796812,1,timeout
0.5,5,r0.5-rep5-22,1.340490,1.509527,2.851391,1,timeout
0.5,5,r0.5-rep5-23,0.214663,2.183943,2.399974,1,timeout
0.5,5,r0.5-rep5-24,0.208086,1.515008,1.724439,1,timeout
0.5,5,r0.5-rep5-25,0.400286,1.442816,1.844144,1,timeout
0.5,5,r0.5-rep5-26,1.008651,1.835617,2.845857,2,timeout
0.5,5,r0.5-rep5-27,0.089175,1.835617,1.926381,2,timeout
0.5,5,r0.5-rep5-28,1.769593,1.863876,3.635385,3,timeout
0.5,5,r0.5-rep5-29,1.399664,1.863876,3.265456,3,timeout
0.5,5,r0.5-rep5-30,0.020676,1.863876,1.886467,3,timeout
0.5,5,r0.5-rep5-31,1.101003,1.472528,2.575128,1,timeout
0.5,5,r0.5-rep5-32,0.207203,1.809189,2.018264,1,timeout
1.0,1,r1.0-rep1-1,0.208390,2.105340,2.315392,1,timeout
1.0,1,r1.0-rep1-2,0.204101,1.420482,1.625799,1,timeout
1.0,1,r1.0-rep1-3,0.208445,1.527401,1.737327,1,timeout
1.0,1,r1.0-rep1-4,1.450733,1.907578,3.360814,2,timeout
1.0,1,r1.0-rep1-5,1.363104,1.907578,3.273184,2,timeout
1.0,1,r1.0-rep1-6,1.818362,1.824331,3.644176,2,timeout
1.0,1,r1.0-rep1-7,0.402519,1.824331,2.228332,2,timeout
1.0,1,r1.0-rep1-8,0.204377,2.066894,2.273251,2,timeout
1.0,1,r1.0-rep1-9,0.108277,2.066894,2.177150,2,timeout
1.0,1,r1.0-rep1-10,1.131592,1.972691,3.106277,2,timeout
1.0,1,r1.0-rep1-11,1.052246,1.972691,3.026930,2,timeout
1.0,1,r1.0-rep1-12,1.940462,2.048818,3.990913,2,timeout
1.0,1,r1.0-rep1-13,0.198728,2.048818,2.249179,2,timeout
1.0,1,r1.0-rep1-14,1.868123,2.005102,3.875128,4,size
1.0,1,r1.0-rep1-15,0.636138,2.005102,2.643143,4,size
1.0,1,r1.0-rep1-16,0.477780,2.005102,2.484785,4,size
1.0,1,r1.0-rep1-17,0.382754,2.005102,2.389760,4,size
1.0,1,r1.0-rep1-18,2.066839,1.896066,3.965988,3,timeout
1.0,1,r1.0-rep1-19,1.162145,1.896066,3.061294,3,timeout
1.0,1,r1.0-rep1-20,0.745015,1.896066,2.644164,3,timeout
1.0,1,r1.0-rep1-21,1.404151,2.087882,3.493851,2,timeout
1.0,1,r1.0-rep1-22,1.171222,2.087882,3.260922,2,timeout
1.0,1,r1.0-rep1-23,1.412546,1.969698,3.383993,2,timeout
1.0,1,r1.0-rep1-24,0.169778,1.969698,2.141225,2,timeout
1.0,1,r1.0-rep1-25,1.493768,1.825135,3.321472,4,size
1.0,1,r1.0-rep1-26,1.068269,1.825135,2.895974,4,size
1.0,1,r1.0-rep1-27,0.613760,1.825135,2.441464,4,size
1.0,1,r1.0-rep1-28,0.534855,1.825135,2.362559,4,size
1.0,1,r1.0-rep1-29,2.172496,1.991382,4.165714,3,timeout
1.0,1,r1.0-rep1-30,1.493704,1.991382,3.486923,3,timeout
1.0,1,r1.0-rep1-31,1.098362,1.991382,3.091580,3,timeout
1.0,1,r1.0-rep1-32,1.814829,2.349259,4.166031,4,size
1.0,1,r1.0-rep1-33,1.087291,2.349259,3.438493,4,size
1.0,1,r1.0-rep1-34,0.848600,2.349259,3.199802,4,size
1.0,1,r1.0-rep1-35,0.378568,2.349259,2.729771,4,size
1.0,1,r1.0-rep1-36,2.080492,2.479531,4.562382,4,size
1.0,1,r1.0-rep1-37,1.734451,2.479531,4.216341,4,size
1.0,1,r1.0-rep1-38,1.408406,2.479531,3.890295,4,size
1.0,1,r1.0-rep1-39,0.529334,2.479531,3.011224,4,size
1.0,1,r1.0-rep1-40,2.704930,1.761950,4.468384,2,timeout
1.0,1,r1.0-rep1-41,1.375384,1.761950,3.138838,2,timeout
1.0,1,r1.0-rep1-42,1.749872,1.934722,3.686812,3,timeout
1.0,1,r1.0-rep1-43,0.661203,1.934722,2.598143,3,timeout
1.0,1,r1.0-rep1-44,0.582334,1.934722,2.519275,3,timeout
1.0,1,r1.0-rep1-45,1.382243,2.068272,3.452501,2,timeout
1.0,1,r1.0-rep1-46,0.020266,2.068272,2.090524,2,timeout
1.0,1,r1.0-rep1-47,0.961537,2.172868,3.136558,4,size
1.0,1,r1.0-rep1-48,0.682367,2.172868,2.857388,4,size
1.0,1,r1.0-rep1-49,0.341007,2.172868,2.516028,4,size
1.0,1,r1.0-rep1-50,0.170558,2.172868,2.345578,4,size
1.0,1,r1.0-rep1-51,1.979028,1.961021,3.942309,4,size
1.0,1,r1.0-rep1-52,1.947209,1.961021,3.910490,4,size
1.0,1,r1.0-rep1-53,1.778945,1.961021,3.742226,4,size
1.0,1,r1.0-rep1-54,0.455949,1.961021,2.419230,4,size
1.0,1,r1.0-rep1-55,0.208454,1.399054,1.608633,1,timeout
1.0,1,r1.0-rep1-56,1.040591,2.239149,3.281646,3,timeout
1.0,1,r1.0-rep1-57,0.754771,2.239149,2.995827,3,timeout
1.0,1,r1.0-rep1-58,0.345943,2.239149,2.586998,3,timeout
1.0,1,r1.0-rep1-59,2.214028,1.994596,4.210414,3,timeout
1.0,1,r1.0-rep1-60,2.070864,1.994596,4.067251,3,timeout
1.0,1,r1.0-rep1-61,0.989638,1.994596,2.986025,3,timeout
1.0,1,r1.0-rep1-62,1.596724,1.782039,3.380537,2,timeout
1.0,1,r1.0-rep1-63,0.069829,1.782039,1.853642,2,timeout
1.0,1,r1.0-rep1-64,0.208493,1.748441,1.958553,1,timeout
1.0,2,r1.0-rep2-1,0.206404,1.735730,1.943963,1,timeout
1.0,2,r1.0-rep2-2,0.201501,1.484593,1.687284,1,timeout
1.0,2,r1.0-rep2-3,0.204434,1.676042,1.881796,1,timeout
1.0,2,r1.0-rep2-4,1.614563,2.014423,3.630861,3,timeout
1.0,2,r1.0-rep2-5,1.519301,2.014423,3.535599,3,timeout
1.0,2,r1.0-rep2-6,0.056367,2.014423,2.072665,3,timeout
1.0,2,r1.0-rep2-7,0.659150,1.660434,2.321973,1,timeout
1.0,2,r1.0-rep2-8,0.203973,2.090016,2.295936,2,timeout
1.0,2,r1.0-rep2-9,0.123894,2.090016,2.215857,2,timeout
1.0,2,r1.0-rep2-10,1.148045,1.972585,3.122417,2,timeout
1.0,2,r1.0-rep2-11,1.075734,1.972585,3.050106,2,timeout
1.0,2,r1.0-rep2-12,1.947257,2.009979,3.959530,2,timeout
1.0,2,r1.0-rep2-13,0.215628,2.009979,2.227901,2,timeout
1.0,2,r1.0-rep2-14,1.836452,2.097231,3.935809,4,size
1.0,2,r1.0-rep2-15,0.604197,2.097231,2.703554,4,size
1.0,2,r1.0-rep2-16,0.445088,2.097231,2.544445,4,size
1.0,2,r1.0-rep2-17,0.349743,2.097231,2.449100,4,size
1.0,2,r1.0-rep2-18,2.127009,1.848527,3.977088,3,timeout
1.0,2,r1.0-rep2-19,1.208926,1.848527,3.059005,3,timeout
1.0,2,r1.0-rep2-20,0.786609,1.848527,2.636688,3,timeout
1.0,2,r1.0-rep2-21,1.386836,2.108244,3.496726,2,timeout
1.0,2,r1.0-rep2-22,1.148508,2.108244,3.258398,2,timeout
1.0,2,r1.0-rep2-23,1.418436,2.067813,3.487773,2,timeout
1.0,2,r1.0-rep2-24,0.185140,2.067813,2.254477,2,timeout
1.0,2,r1.0-rep2-25,1.598283,1.788051,3.388416,4,size
1.0,2,r1.0-rep2-26,1.176836,1.788051,2.966969,4,size
1.0,2,r1.0-rep2-27,0.706664,1.788051,2.496797,4,size
1.0,2,r1.0-rep2-28,0.617463,1.788051,2.407596,4,size
1.0,2,r1.0-rep2-29,2.223617,2.017331,4.242903,3,timeout
1.0,2,r1.0-rep2-30,1.561066,2.017331,3.580352,3,timeout
1.0,2,r1.0-rep2-31,1.169178,2.017331,3.188464,3,timeout
1.0,2,r1.0-rep2-32,1.920299,2.355055,4.277737,4,size
1.0,2,r1.0-rep2-33,1.200991,2.355055,3.558430,4,size
1.0,2,r1.0-rep2-34,0.951749,2.355055,3.309187,4,size
1.0,2,r1.0-rep2-35,0.488894,2.355055,2.846332,4,size
1.0,2,r1.0-rep2-36,2.192360,2.262420,4.456930,4,size
1.0,2,r1.0-rep2-37,1.832317,2.262420,4.096887,4,size
1.0,2,r1.0-rep2-38,1.497693,2.262420,3.762264,4,size
1.0,2,r1.0-rep2-39,0.602807,2.262420,2.867378,4,size
1.0,2,r1.0-rep2-40,2.568624,1.794624,4.364853,2,timeout
1.0,2,r1.0-rep2-41,1.213289,1.794624,3.009519,2,timeout
1.0,2,r1.0-rep2-42,1.610822,1.847605,3.460031,3,timeout
1.0,2,r1.0-rep2-43,0.516057,1.847605,2.365267,3,timeout
1.0,2,r1.0-rep2-44,0.436632,1.847605,2.285841,3,timeout
1.0,2,r1.0-rep2-45,1.134697,1.871211,3.008304,1,timeout
1.0,2,r1.0-rep2-46,1.641675,2.233082,3.878637,3,timeout
1.0,2,r1.0-rep2-47,0.505268,2.233082,2.742230,3,timeout
1.0,2,r1.0-rep2-48,0.220737,2.233082,2.457699,3,timeout
1.0,2,r1.0-rep2-49,2.132538,1.832615,3.967373,4,size
1.0,2,r1.0-rep2-50,1.955952,1.832615,3.790787,4,size
1.0,2,r1.0-rep2-51,1.592270,1.832615,3.427105,4,size
1.0,2,r1.0-rep2-52,1.560232,1.832615,3.395067,4,size
1.0,2,r1.0-rep2-53,3.221708,1.950909,5.174425,2,timeout
1.0,2,r1.0-rep2-54,1.890119,1.950909,3.842837,2,timeout
1.0,2,r1.0-rep2-55,0.206194,1.400566,1.609300,1,timeout
1.0,2,r1.0-rep2-56,1.029777,2.248306,3.280130,3,timeout
1.0,2,r1.0-rep2-57,0.743865,2.248306,2.994218,3,timeout
1.0,2,r1.0-rep2-58,0.337125,2.248306,2.587478,3,timeout
1.0,2,r1.0-rep2-59,2.209400,1.995814,4.207112,3,timeout
1.0,2,r1.0-rep2-60,2.065873,1.995814,4.063585,3,timeout
1.0,2,r1.0-rep2-61,0.978961,1.995814,2.976673,3,timeout
1.0,2,r1.0-rep2-62,1.595073,1.788185,3.385244,2,timeout
1.0,2,r1.0-rep2-63,0.072272,1.788185,1.862443,2,timeout
1.0,2,r1.0-rep2-64,0.205357,1.763812,1.970924,1,timeout
1.0,3,r1.0-rep3-1,0.208406,1.562849,1.772992,1,timeout
1.0,3,r1.0-rep3-2,0.209537,2.044455,2.255505,1,timeout
1.0,3,r1.0-rep3-3,0.206889,1.591283,1.799768,1,timeout
1.0,3,r1.0-rep3-4,1.514593,1.838686,3.355121,2,timeout
1.0,3,r1.0-rep3-5,1.424213,1.838686,3.264741,2,timeout
1.0,3,r1.0-rep3-6,1.812807,1.851176,3.665484,2,timeout
1.0,3,r1.0-rep3-7,0.388674,1.851176,2.241351,2,timeout
1.0,3,r1.0-rep3-8,0.209118,2.040999,2.252520,2,timeout
1.0,3,r1.0-rep3-9,0.128374,2.040999,2.171776,2,timeout
1.0,3,r1.0-rep3-10,1.115657,2.176744,3.294330,2,timeout
1.0,3,r1.0-rep3-11,1.036209,2.176744,3.214882,2,timeout
1.0,3,r1.0-rep3-12,2.127575,1.975297,4.104370,2,timeout
1.0,3,r1.0-rep3-13,0.383916,1.975297,2.360712,2,timeout
1.0,3,r1.0-rep3-14,1.977239,1.960490,3.939490,4,size
1.0,3,r1.0-rep3-15,0.745465,1.960490,2.707716,4,size
1.0,3,r1.0-rep3-16,0.586300,1.960490,2.548551,4,size
1.0,3,r1.0-rep3-17,0.491024,1.960490,2.453275,4,size
1.0,3,r1.0-rep3-18,2.126428,1.852590,3.980512,3,timeout
1.0,3,r1.0-rep3-19,1.232503,1.852590,3.086587,3,timeout
1.0,3,r1.0-rep3-20,0.808519,1.852590,2.662603,3,timeout
1.0,3,r1.0-rep3-21,1.389183,2.010173,3.401464,2,timeout
1.0,3,r1.0-rep3-22,1.150885,2.010173,3.163166,2,timeout
1.0,3,r1.0-rep3-23,1.325081,2.037611,3.364396,2,timeout
1.0,3,r1.0-rep3-24,0.089740,2.037611,2.129055,2,timeout
1.0,3,r1.0-rep3-25,1.461938,1.818366,3.282753,4,size
1.0,3,r1.0-rep3-26,1.039870,1.818366,2.860685,4,size
1.0,3,r1.0-rep3-27,0.575764,1.818366,2.396579,4,size
1.0,3,r1.0-rep3-28,0.496026,1.818366,2.316842,4,size
1.0,3,r1.0-rep3-29,2.127566,1.960898,4.090247,3,timeout
1.0,3,r1.0-rep3-30,1.438711,1.960898,3.401392,3,timeout
1.0,3,r1.0-rep3-31,1.042674,1.960898,3.005355,3,timeout
1.0,3,r1.0-rep3-32,1.732775,2.374149,4.108794,4,size
1.0,3,r1.0-rep3-33,1.015113,2.374149,3.391132,4,size
1.0,3,r1.0-rep3-34,0.760974,2.374149,3.136993,4,size
1.0,3,r1.0-rep3-35,0.292461,2.374149,2.668480,4,size
1.0,3,r1.0-rep3-36,2.029862,2.201087,4.233265,4,size
1.0,3,r1.0-rep3-37,1.680748,2.201087,3.884152,4,size
1.0,3,r1.0-rep3-38,1.351400,2.201087,3.554804,4,size
1.0,3,r1.0-rep3-39,0.477656,2.201087,2.681060,4,size
1.0,3,r1.0-rep3-40,2.377765,1.954335,4.333623,2,timeout
1.0,3,r1.0-rep3-41,1.036728,1.954335,2.992586,2,timeout
1.0,3,r1.0-rep3-42,1.606362,1.858094,3.466169,3,timeout
1.0,3,r1.0-rep3-43,0.514527,1.858094,2.374334,3,timeout
1.0,3,r1.0-rep3-44,0.430535,1.858094,2.290342,3,timeout
1.0,3,r1.0-rep3-45,1.153801,2.074937,3.229936,1,timeout
1.0,3,r1.0-rep3-46,1.882188,2.205116,4.090231,4,size
1.0,3,r1.0-rep3-47,0.756870,2.205116,2.964914,4,size
1.0,3,r1.0-rep3-48,0.474899,2.205116,2.682942,4,size
1.0,3,r1.0-rep3-49,0.152798,2.205116,2.360841,4,size
1.0,3,r1.0-rep3-50,2.192094,1.879275,4.073398,4,size
1.0,3,r1.0-rep3-51,1.834086,1.879275,3.715391,4,size
1.0,3,r1.0-rep3-52,1.802262,1.879275,3.683566,4,size
1.0,3,r1.0-rep3-53,1.628039,1.879275,3.509344,4,size
1.0,3,r1.0-rep3-54,2.200148,1.701378,3.902637,1,timeout
1.0,3,r1.0-rep3-55,0.209527,1.431279,1.642241,1,timeout
1.0,3,r1.0-rep3-56,1.076559,2.506198,3.585257,4,size
1.0,3,r1.0-rep3-57,0.778339,2.506198,3.287037,4,size
1.0,3,r1.0-rep3-58,0.379840,2.506198,2.888538,4,size
1.0,3,r1.0-rep3-59,0.017813,2.506198,2.526512,4,size
1.0,3,r1.0-rep3-60,2.383572,2.201935,4.587453,2,timeout
1.0,3,r1.0-rep3-61,1.291628,2.201935,3.495509,2,timeout
1.0,3,r1.0-rep3-62,2.096507,1.983973,4.082514,2,timeout
1.0,3,r1.0-rep3-63,0.584972,1.983973,2.570978,2,timeout
1.0,3,r1.0-rep3-64,0.205221,2.229876,2.437244,1,timeout
1.0,4,r1.0-rep4-1,0.202612,1.694831,1.900382,1,timeout
1.0,4,r1.0-rep4-2,0.208490,1.512473,1.722275,1,timeout
1.0,4,r1.0-rep4-3,0.209006,1.715765,1.926206,1,timeout
1.0,4,r1.0-rep4-4,1.654107,1.860780,3.516875,3,timeout
1.0,4,r1.0-rep4-5,1.558226,1.860780,3.420994,3,timeout
1.0,4,r1.0-rep4-6,0.088525,1.860780,1.951294,3,timeout
1.0,4,r1.0-rep4-7,0.526732,1.738571,2.266511,1,timeout
1.0,4,r1.0-rep4-8,0.203301,2.009108,2.214326,2,timeout
1.0,4,r1.0-rep4-9,0.107895,2.009108,2.118920,2,timeout
1.0,4,r1.0-rep4-10,1.059653,2.079672,3.142483,2,timeout
1.0,4,r1.0-rep4-11,0.979578,2.079672,3.062408,2,timeout
1.0,4,r1.0-rep4-12,1.961442,2.032889,3.995834,2,timeout
1.0,4,r1.0-rep4-13,0.235864,2.032889,2.270256,2,timeout
1.0,4,r1.0-rep4-14,1.878105,1.865642,3.746255,4,size
1.0,4,r1.0-rep4-15,0.636341,1.865642,2.504491,4,size
1.0,4,r1.0-rep4-16,0.478253,1.865642,2.346403,4,size
1.0,4,r1.0-rep4-17,0.383227,1.865642,2.251377,4,size
1.0,4,r1.0-rep4-18,1.929618,1.946065,3.877456,3,timeout
1.0,4,r1.0-rep4-19,1.014415,1.946065,2.962253,3,timeout
1.0,4,r1.0-rep4-20,0.584746,1.946065,2.532585,3,timeout
1.0,4,r1.0-rep4-21,1.287439,2.002189,3.291560,2,timeout
1.0,4,r1.0-rep4-22,1.051495,2.002189,3.055617,2,timeout
1.0,4,r1.0-rep4-23,1.205518,1.806108,3.013345,1,timeout
1.0,4,r1.0-rep4-24,1.808291,2.263071,4.073568,4,size
1.0,4,r1.0-rep4-25,1.149968,2.263071,3.415245,4,size
1.0,4,r1.0-rep4-26,0.730238,2.263071,2.995514,4,size
1.0,4,r1.0-rep4-27,0.262232,2.263071,2.527509,4,size
1.0,4,r1.0-rep4-28,2.448752,1.870059,4.321888,4,size
1.0,4,r1.0-rep4-29,2.265679,1.870059,4.138815,4,size
1.0,4,r1.0-rep4-30,1.580461,1.870059,3.453597,4,size
1.0,4,r1.0-rep4-31,1.179322,1.870059,3.052458,4,size
1.0,4,r1.0-rep4-32,1.791942,2.448989,4.243027,4,size
1.0,4,r1.0-rep4-33,1.077811,2.448989,3.528896,4,size
1.0,4,r1.0-rep4-34,0.830894,2.448989,3.281980,4,size
1.0,4,r1.0-rep4-35,0.358637,2.448989,2.809722,4,size
1.0,4,r1.0-rep4-36,2.162149,2.171553,4.336478,4,size
1.0,4,r1.0-rep4-37,1.803174,2.171553,3.977503,4,size
1.0,4,r1.0-rep4-38,1.472999,2.171553,3.647328,4,size
1.0,4,r1.0-rep4-39,0.584732,2.171553,2.759061,4,size
1.0,4,r1.0-rep4-40,2.452315,2.068943,4.523153,2,timeout
1.0,4,r1.0-rep4-41,1.118710,2.068943,3.189548,2,timeout
1.0,4,r1.0-rep4-42,1.788951,1.929385,3.721550,3,timeout
1.0,4,r1.0-rep4-43,0.705574,1.929385,2.638173,3,timeout
1.0,4,r1.0-rep4-44,0.625721,1.929385,2.558320,3,timeout
1.0,4,r1.0-rep4-45,1.421305,1.983668,3.406754,2,timeout
1.0,4,r1.0-rep4-46,0.062676,1.983668,2.048125,2,timeout
1.0,4,r1.0-rep4-47,0.915159,2.248760,3.165734,4,size
1.0,4,r1.0-rep4-48,0.627695,2.248760,2.878269,4,size
1.0,4,r1.0-rep4-49,0.298748,2.248760,2.549322,4,size
1.0,4,r1.0-rep4-50,0.124442,2.248760,2.375016,4,size
1.0,4,r1.0-rep4-51,2.001346,1.879239,3.882493,4,size
1.0,4,r1.0-rep4-52,1.969647,1.879239,3.850793,4,size
1.0,4,r1.0-rep4-53,1.800172,1.879239,3.681318,4,size
1.0,4,r1.0-rep4-54,0.473066,1.879239,2.354212,4,size
1.0,4,r1.0-rep4-55,0.200051,1.984175,2.186252,1,timeout
1.0,4,r1.0-rep4-56,1.625341,2.350604,3.978389,4,size
1.0,4,r1.0-rep4-57,1.336691,2.350604,3.689739,4,size
1.0,4,r1.0-rep4-58,0.921547,2.350604,3.274595,4,size
1.0,4,r1.0-rep4-59,0.556993,2.350604,2.910041,4,size
1.0,4,r1.0-rep4-60,2.767272,2.084080,4.852995,3,timeout
1.0,4,r1.0-rep4-61,1.674853,2.084080,3.760576,3,timeout
1.0,4,r1.0-rep4-62,0.284097,2.084080,2.369820,3,timeout
1.0,4,r1.0-rep4-63,0.855940,1.437376,2.294338,1,timeout
1.0,4,r1.0-rep4-64,0.210214,1.733658,1.945822,1,timeout
1.0,5,r1.0-rep5-1,0.203121,1.749939,1.955048,1,timeout
1.0,5,r1.0-rep5-2,0.202071,1.428501,1.631773,1,timeout
1.0,5,r1.0-rep5-3,0.203344,1.908187,2.112822,1,timeout
1.0,5,r1.0-rep5-4,1.830556,1.887453,3.720766,3,timeout
1.0,5,r1.0-rep5-5,1.735560,1.887453,3.625771,3,timeout
1.0,5,r1.0-rep5-6,0.279885,1.887453,2.170096,3,timeout
1.0,5,r1.0-rep5-7,0.760857,1.865735,2.628444,1,timeout
1.0,5,r1.0-rep5-8,0.205830,1.991919,2.199752,2,timeout
1.0,5,r1.0-rep5-9,0.110884,1.991919,2.104806,2,timeout
1.0,5,r1.0-rep5-10,1.055083,2.007952,3.065046,2,timeout
1.0,5,r1.0-rep5-11,0.975888,2.007952,2.985851,2,timeout
1.0,5,r1.0-rep5-12,1.879326,2.093300,3.974204,2,timeout
1.0,5,r1.0-rep5-13,0.159336,2.093300,2.254214,2,timeout
1.0,5,r1.0-rep5-14,1.850053,1.867523,3.719320,4,size
1.0,5,r1.0-rep5-15,0.607796,1.867523,2.477064,4,size
1.0,5,r1.0-rep5-16,0.448580,1.867523,2.317847,4,size
1.0,5,r1.0-rep5-17,0.352932,1.867523,2.222199,4,size
1.0,5,r1.0-rep5-18,1.900040,2.157021,4.059428,3,timeout
1.0,5,r1.0-rep5-19,0.979666,2.157021,3.139054,3,timeout
1.0,5,r1.0-rep5-20,0.554183,2.157021,2.713571,3,timeout
1.0,5,r1.0-rep5-21,1.464340,2.106348,3.572652,2,timeout
1.0,5,r1.0-rep5-22,1.226532,2.106348,3.334844,2,timeout
1.0,5,r1.0-rep5-23,1.487205,2.010543,3.499208,2,timeout
1.0,5,r1.0-rep5-24,0.242207,2.010543,2.254210,2,timeout
1.0,5,r1.0-rep5-25,1.590385,1.984031,3.576007,4,size
1.0,5,r1.0-rep5-26,1.167749,1.984031,3.153371,4,size
1.0,5,r1.0-rep5-27,0.696570,1.984031,2.682192,4,size
1.0,5,r1.0-rep5-28,0.617158,1.984031,2.602780,4,size
1.0,5,r1.0-rep5-29,2.413416,1.864092,4.279143,4,size
1.0,5,r1.0-rep5-30,1.714722,1.864092,3.580449,4,size
1.0,5,r1.0-rep5-31,1.321785,1.864092,3.187513,4,size
1.0,5,r1.0-rep5-32,0.043676,1.864092,1.909404,4,size
1.0,5,r1.0-rep5-33,1.193169,2.278527,3.474624,3,timeout
1.0,5,r1.0-rep5-34,0.942522,2.278527,3.223977,3,timeout
1.0,5,r1.0-rep5-35,0.465225,2.278527,2.746680,3,timeout
1.0,5,r1.0-rep5-36,2.098128,2.196769,4.296923,4,size
1.0,5,r1.0-rep5-37,1.746882,2.196769,3.945677,4,size
1.0,5,r1.0-rep5-38,1.421344,2.196769,3.620139,4,size
1.0,5,r1.0-rep5-39,0.533569,2.196769,2.732364,4,size
1.0,5,r1.0-rep5-40,2.424248,1.773730,4.199519,2,timeout
1.0,5,r1.0-rep5-41,1.079347,1.773730,2.854617,2,timeout
1.0,5,r1.0-rep5-42,1.466604,1.956681,3.424974,3,timeout
1.0,5,r1.0-rep5-43,0.366501,1.956681,2.324872,3,timeout
1.0,5,r1.0-rep5-44,0.278572,1.956681,2.236943,3,timeout
1.0,5,r1.0-rep5-45,1.089539,1.581835,2.672516,1,timeout
1.0,5,r1.0-rep5-46,1.316493,1.999456,3.317809,2,timeout
1.0,5,r1.0-rep5-47,0.188435,1.999456,2.189752,2,timeout
1.0,5,r1.0-rep5-48,1.910848,2.238235,4.151134,4,size
1.0,5,r1.0-rep5-49,1.589286,2.238235,3.829572,4,size
1.0,5,r1.0-rep5-50,1.414433,2.238235,3.654719,4,size
1.0,5,r1.0-rep5-51,1.052371,2.238235,3.292657,4,size
1.0,5,r1.0-rep5-52,3.260965,1.906847,5.169408,3,timeout
1.0,5,r1.0-rep5-53,3.087344,1.906847,4.995787,3,timeout
1.0,5,r1.0-rep5-54,1.779919,1.906847,3.688361,3,timeout
1.0,5,r1.0-rep5-55,0.206301,1.769370,1.977275,1,timeout
1.0,5,r1.0-rep5-56,1.415766,2.358534,3.776449,4,size
1.0,5,r1.0-rep5-57,1.126354,2.358534,3.487037,4,size
1.0,5,r1.0-rep5-58,0.717203,2.358534,3.077886,4,size
1.0,5,r1.0-rep5-59,0.352840,2.358534,2.713523,4,size
1.0,5,r1.0-rep5-60,2.570449,2.135601,4.708076,3,timeout
1.0,5,r1.0-rep5-61,1.473551,2.135601,3.611179,3,timeout
1.0,5,r1.0-rep5-62,0.090020,2.135601,2.227648,3,timeout
1.0,5,r1.0-rep5-63,0.702659,1.800210,2.504883,1,timeout
1.0,5,r1.0-rep5-64,0.205170,1.683099,1.890208,1,timeout
1.5,1,r1.5-rep1-1,0.208501,2.012012,2.221938,1,timeout
1.5,1,r1.5-rep1-2,0.662659,1.460189,2.123952,1,timeout
1.5,1,r1.5-rep1-3,0.532174,1.850365,2.384647,3,timeout
1.5,1,r1.5-rep1-4,0.341136,1.850365,2.193609,3,timeout
1.5,1,r1.5-rep1-5,0.277328,1.850365,2.129801,3,timeout
1.5,1,r1.5-rep1-6,1.157532,2.091697,3.250838,2,timeout
1.5,1,r1.5-rep1-7,0.214795,2.091697,2.308100,2,timeout
1.5,1,r1.5-rep1-8,0.207454,1.986912,2.197126,2,timeout
1.5,1,r1.5-rep1-9,0.144630,1.986912,2.134303,2,timeout
1.5,1,r1.5-rep1-10,1.433315,2.206062,3.642201,3,timeout
1.5,1,r1.5-rep1-11,1.385507,2.206062,3.594392,3,timeout
1.5,1,r1.5-rep1-12,0.660624,2.206062,2.869509,3,timeout
1.5,1,r1.5-rep1-13,1.722883,1.966222,3.691162,4,size
1.5,1,r1.5-rep1-14,1.461263,1.966222,3.429543,4,size
1.5,1,r1.5-rep1-15,0.632494,1.966222,2.600773,4,size
1.5,1,r1.5-rep1-16,0.523380,1.966222,2.491659,4,size
1.5,1,r1.5-rep1-17,2.428983,1.867559,4.298422,4,size
1.5,1,r1.5-rep1-18,2.199489,1.867559,4.068927,4,size
1.5,1,r1.5-rep1-19,1.602697,1.867559,3.472136,4,size
1.5,1,r1.5-rep1-20,1.305852,1.867559,3.175290,4,size
1.5,1,r1.5-rep1-21,2.342560,2.449570,4.794318,4,size
1.5,1,r1.5-rep1-22,2.185285,2.449570,4.637043,4,size
1.5,1,r1.5-rep1-23,0.946382,2.449570,3.398140,4,size
1.5,1,r1.5-rep1-24,0.123387,2.449570,2.575145,4,size
1.5,1,r1.5-rep1-25,2.136609,1.842125,3.980535,4,size
1.5,1,r1.5-rep1-26,1.856716,1.842125,3.700641,4,size
1.5,1,r1.5-rep1-27,1.543662,1.842125,3.387587,4,size
1.5,1,r1.5-rep1-28,1.481687,1.842125,3.325613,4,size
1.5,1,r1.5-rep1-29,3.203019,1.873123,5.078505,4,size
1.5,1,r1.5-rep1-30,2.745673,1.873123,4.621159,4,size
1.5,1,r1.5-rep1-31,2.485195,1.873123,4.360681,4,size
1.5,1,r1.5-rep1-32,1.631076,1.873123,3.506562,4,size
1.5,1,r1.5-rep1-33,3.032272,2.358890,5.393417,4,size
1.5,1,r1.5-rep1-34,2.861912,2.358890,5.223056,4,size
1.5,1,r1.5-rep1-35,2.545563,2.358890,4.906707,4,size
1.5,1,r1.5-rep1-36,2.103189,2.358890,4.464333,4,size
1.5,1,r1.5-rep1-37,4.237782,1.785806,6.025473,4,size
1.5,1,r1.5-rep1-38,4.009378,1.785806,5.797069,4,size
1.5,1,r1.5-rep1-39,3.408113,1.785806,5.195804,4,size
1.5,1,r1.5-rep1-40,3.207893,1.785806,4.995584,4,size
1.5,1,r1.5-rep1-41,4.104027,2.001156,6.108783,4,size
1.5,1,r1.5-rep1-42,3.179252,2.001156,5.184008,4,size
1.5,1,r1.5-rep1-43,2.450255,2.001156,4.455011,4,size
1.5,1,r1.5-rep1-44,2.391472,2.001156,4.396228,4,size
1.5,1,r1.5-rep1-45,3.630410,2.372978,6.005946,4,size
1.5,1,r1.5-rep1-46,2.731400,2.372978,5.106936,4,size
1.5,1,r1.5-rep1-47,1.976329,2.372978,4.351865,4,size
1.5,1,r1.5-rep1-48,1.786483,2.372978,4.162018,4,size
1.5,1,r1.5-rep1-49,3.944643,1.838043,5.784512,4,size
1.5,1,r1.5-rep1-50,3.834379,1.838043,5.674247,4,size
1.5,1,r1.5-rep1-51,3.596835,1.838043,5.436704,4,size
1.5,1,r1.5-rep1-52,3.568013,1.838043,5.407881,4,size
1.5,1,r1.5-rep1-53,5.295700,1.945248,7.242687,4,size
1.5,1,r1.5-rep1-54,4.406474,1.945248,6.353461,4,size
1.5,1,r1.5-rep1-55,1.729297,1.945248,3.676284,4,size
1.5,1,r1.5-rep1-56,1.350288,1.945248,3.297276,4,size
1.5,1,r1.5-rep1-57,3.094761,2.349437,5.446335,4,size
1.5,1,r1.5-rep1-58,2.825078,2.349437,5.176652,4,size
1.5,1,r1.5-rep1-59,2.576188,2.349437,4.927762,4,size
1.5,1,r1.5-rep1-60,2.481291,2.349437,4.832865,4,size
1.5,1,r1.5-rep1-61,4.085806,1.911040,5.998507,3,timeout
1.5,1,r1.5-rep1-62,3.163306,1.911040,5.076007,3,timeout
1.5,1,r1.5-rep1-63,2.153844,1.911040,4.066545,3,timeout
1.5,1,r1.5-rep1-64,0.528193,1.453460,1.982708,1,timeout
1.5,1,r1.5-rep1-65,0.579391,1.505483,2.086439,1,timeout
1.5,1,r1.5-rep1-66,0.998503,1.964460,2.964627,2,timeout
1.5,1,r1.5-rep1-67,0.293407,1.964460,2.259531,2,timeout
1.5,1,r1.5-rep1-68,1.864753,2.365841,4.232694,4,size
1.5,1,r1.5-rep1-69,1.833042,2.365841,4.200983,4,size
1.5,1,r1.5-rep1-70,1.189027,2.365841,3.556968,4,size
1.5,1,r1.5-rep1-71,0.774037,2.365841,3.141978,4,size
1.5,2,r1.5-rep2-1,0.207406,1.755656,1.964647,1,timeout
1.5,2,r1.5-rep2-2,0.395263,1.439567,1.835888,1,timeout
1.5,2,r1.5-rep2-3,0.244731,1.741381,1.988072,2,timeout
1.5,2,r1.5-rep2-4,0.043237,1.741381,1.786577,2,timeout
1.5,2,r1.5-rep2-5,1.723485,2.132323,3.857380,2,timeout
1.5,2,r1.5-rep2-6,0.747801,2.132323,2.881695,2,timeout
1.5,2,r1.5-rep2-7,1.934027,1.438705,3.373851,1,timeout
1.5,2,r1.5-rep2-8,1.281540,2.387120,3.671088,4,size
1.5,2,r1.5-rep2-9,1.218994,2.387120,3.608543,4,size
1.5,2,r1.5-rep2-10,0.511914,2.387120,2.901462,4,size
1.5,2,r1.5-rep2-11,0.464206,2.387120,2.853755,4,size
1.5,2,r1.5-rep2-12,2.127538,2.072327,4.201965,3,timeout
1.5,2,r1.5-rep2-13,0.960624,2.072327,3.035051,3,timeout
1.5,2,r1.5-rep2-14,0.697124,2.072327,2.771551,3,timeout
1.5,2,r1.5-rep2-15,1.953540,1.865173,3.820483,4,size
1.5,2,r1.5-rep2-16,1.842958,1.865173,3.709901,4,size
1.5,2,r1.5-rep2-17,1.768090,1.865173,3.635034,4,size
1.5,2,r1.5-rep2-18,1.545003,1.865173,3.411946,4,size
1.5,2,r1.5-rep2-19,2.804734,2.432732,5.239635,4,size
1.5,2,r1.5-rep2-20,2.515407,2.432732,4.950309,4,size
1.5,2,r1.5-rep2-21,1.678583,2.432732,4.113484,4,size
1.5,2,r1.5-rep2-22,1.522970,2.432732,3.957871,4,size
1.5,2,r1.5-rep2-23,2.708682,2.182584,4.893297,4,size
1.5,2,r1.5-rep2-24,1.872630,2.182584,4.057245,4,size
1.5,2,r1.5-rep2-25,1.433436,2.182584,3.618051,4,size
1.5,2,r1.5-rep2-26,1.148899,2.182584,3.333514,4,size
1.5,2,r1.5-rep2-27,3.017415,1.944914,4.964380,4,size
1.5,2,r1.5-rep2-28,2.953943,1.944914,4.900908,4,size
1.5,2,r1.5-rep2-29,2.827474,1.944914,4.774439,4,size
1.5,2,r1.5-rep2-30,2.361406,1.944914,4.308370,4,size
1.5,2,r1.5-rep2-31,4.039134,2.379954,6.421153,4,size
1.5,2,r1.5-rep2-32,3.192139,2.379954,5.574159,4,size
1.5,2,r1.5-rep2-33,2.705310,2.379954,5.087329,4,size
1.5,2,r1.5-rep2-34,2.531904,2.379954,4.913924,4,size
1.5,2,r1.5-rep2-35,4.599551,2.201861,6.804352,4,size
1.5,2,r1.5-rep2-36,4.159445,2.201861,6.364247,4,size
1.5,2,r1.5-rep2-37,3.922005,2.201861,6.126806,4,size
1.5,2,r1.5-rep2-38,3.703550,2.201861,5.908352,4,size
1.5,2,r1.5-rep2-39,5.311601,2.031877,7.345872,4,size
1.5,2,r1.5-rep2-40,5.105746,2.031877,7.140017,4,size
1.5,2,r1.5-rep2-41,4.210078,2.031877,6.244350,4,size
1.5,2,r1.5-rep2-42,3.279179,2.031877,5.313451,4,size
1.5,2,r1.5-rep2-43,4.579613,2.402037,6.983873,4,size
1.5,2,r1.5-rep2-44,4.515937,2.402037,6.920198,4,size
1.5,2,r1.5-rep2-45,3.761916,2.402037,6.166177,4,size
1.5,2,r1.5-rep2-46,2.848046,2.402037,5.252307,4,size
1.5,2,r1.5-rep2-47,4.499494,2.290007,6.791502,4,size
1.5,2,r1.5-rep2-48,4.291383,2.290007,6.583391,4,size
1.5,2,r1.5-rep2-49,4.070171,2.290007,6.362179,4,size
1.5,2,r1.5-rep2-50,3.959040,2.290007,6.251048,4,size
1.5,2,r1.5-rep2-51,6.002158,1.868283,7.872243,4,size
1.5,2,r1.5-rep2-52,5.986326,1.868283,7.856411,4,size
1.5,2,r1.5-rep2-53,5.858926,1.868283,7.729011,4,size
1.5,2,r1.5-rep2-54,4.975595,1.868283,6.845679,4,size
1.5,2,r1.5-rep2-55,4.167913,2.438101,6.608031,4,size
1.5,2,r1.5-rep2-56,3.786270,2.438101,6.226388,4,size
1.5,2,r1.5-rep2-57,3.587610,2.438101,6.027728,4,size
1.5,2,r1.5-rep2-58,3.307983,2.438101,5.748101,4,size
1.5,2,r1.5-rep2-59,5.496003,2.195427,7.693249,4,size
1.5,2,r1.5-rep2-60,5.407962,2.195427,7.605208,4,size
1.5,2,r1.5-rep2-61,4.684416,2.195427,6.881663,4,size
1.5,2,r1.5-rep2-62,3.770535,2.195427,5.967781,4,size
1.5,2,r1.5-rep2-63,4.960461,1.934651,6.896743,3,timeout
1.5,2,r1.5-rep2-64,1.418404,1.934651,3.354686,3,timeout
1.5,2,r1.5-rep2-65,0.002072,1.934651,1.938354,3,timeout
1.5,2,r1.5-rep2-66,0.828572,1.948419,2.778612,2,timeout
1.5,2,r1.5-rep2-67,0.119434,1.948419,2.069474,2,timeout
1.5,2,r1.5-rep2-68,1.672192,2.351486,4.025866,4,size
1.5,2,r1.5-rep2-69,1.640900,2.351486,3.994574,4,size
1.5,2,r1.5-rep2-70,0.989581,2.351486,3.343255,4,size
1.5,2,r1.5-rep2-71,0.565919,2.351486,2.919593,4,size
1.5,3,r1.5-rep3-1,0.204584,1.507362,1.713186,1,timeout
1.5,3,r1.5-rep3-2,0.207674,1.457358,1.666357,1,timeout
1.5,3,r1.5-rep3-3,0.200028,1.952725,2.154756,2,timeout
1.5,3,r1.5-rep3-4,0.008988,1.952725,1.963716,2,timeout
1.5,3,r1.5-rep3-5,1.916277,2.192595,4.110814,2,timeout
1.5,3,r1.5-rep3-6,0.943759,2.192595,3.138296,2,timeout
1.5,3,r1.5-rep3-7,2.194934,2.183280,4.380159,3,timeout
1.5,3,r1.5-rep3-8,0.116853,2.183280,2.302077,3,timeout
1.5,3,r1.5-rep3-9,0.060326,2.183280,2.245551,3,timeout
1.5,3,r1.5-rep3-10,1.535251,2.184721,3.721920,3,timeout
1.5,3,r1.5-rep3-11,1.487110,2.184721,3.673779,3,timeout
1.5,3,r1.5-rep3-12,0.744170,2.184721,2.930839,3,timeout
1.5,3,r1.5-rep3-13,1.771831,1.790259,3.563841,4,size
1.5,3,r1.5-rep3-14,1.511907,1.790259,3.303917,4,size
1.5,3,r1.5-rep3-15,0.677198,1.790259,2.469209,4,size
1.5,3,r1.5-rep3-16,0.565763,1.790259,2.357773,4,size
1.5,3,r1.5-rep3-17,2.295077,1.962316,4.259294,4,size
1.5,3,r1.5-rep3-18,2.072137,1.962316,4.036354,4,size
1.5,3,r1.5-rep3-19,1.463933,1.962316,3.428149,4,size
1.5,3,r1.5-rep3-20,1.194099,1.962316,3.158315,4,size
1.5,3,r1.5-rep3-21,2.325259,2.392195,4.719830,4,size
1.5,3,r1.5-rep3-22,2.166263,2.392195,4.560835,4,size
1.5,3,r1.5-rep3-23,0.940835,2.392195,3.335407,4,size
1.5,3,r1.5-rep3-24,0.106668,2.392195,2.501240,4,size
1.5,3,r1.5-rep3-25,2.052662,1.816453,3.870956,4,size
1.5,3,r1.5-rep3-26,1.768121,1.816453,3.586414,4,size
1.5,3,r1.5-rep3-27,1.457601,1.816453,3.275895,4,size
1.5,3,r1.5-rep3-28,1.394073,1.816453,3.212366,4,size
1.5,3,r1.5-rep3-29,3.085600,1.957931,5.045316,4,size
1.5,3,r1.5-rep3-30,2.618536,1.957931,4.578251,4,size
1.5,3,r1.5-rep3-31,2.341958,1.957931,4.301673,4,size
1.5,3,r1.5-rep3-32,1.489683,1.957931,3.449398,4,size
1.5,3,r1.5-rep3-33,2.964161,2.346335,5.312522,4,size
1.5,3,r1.5-rep3-34,2.805059,2.346335,5.153420,4,size
1.5,3,r1.5-rep3-35,2.491937,2.346335,4.840297,4,size
1.5,3,r1.5-rep3-36,2.065232,2.346335,4.413592,4,size
1.5,3,r1.5-rep3-37,4.182519,1.962868,6.147020,4,size
1.5,3,r1.5-rep3-38,3.959589,1.962868,5.924091,4,size
1.5,3,r1.5-rep3-39,3.368912,1.962868,5.333414,4,size
1.5,3,r1.5-rep3-40,3.168780,1.962868,5.133282,4,size
1.5,3,r1.5-rep3-41,4.228576,2.119494,6.350081,4,size
1.5,3,r1.5-rep3-42,3.303309,2.119494,5.424814,4,size
1.5,3,r1.5-rep3-43,2.560766,2.119494,4.682271,4,size
1.5,3,r1.5-rep3-44,2.497005,2.119494,4.618510,4,size
1.5,3,r1.5-rep3-45,3.851446,2.614457,6.468674,4,size
1.5,3,r1.5-rep3-46,2.935185,2.614457,5.552413,4,size
1.5,3,r1.5-rep3-47,2.172527,2.614457,4.789755,4,size
1.5,3,r1.5-rep3-48,1.984261,2.614457,4.601489,4,size
1.5,3,r1.5-rep3-49,4.382243,2.463190,6.848045,4,size
1.5,3,r1.5-rep3-50,4.256716,2.463190,6.722518,4,size
1.5,3,r1.5-rep3-51,4.007880,2.463190,6.473682,4,size
1.5,3,r1.5-rep3-52,3.992083,2.463190,6.457885,4,size
1.5,3,r1.5-rep3-53,6.336240,2.507061,8.846237,4,size
1.5,3,r1.5-rep3-54,5.454863,2.507061,7.964859,4,size
1.5,3,r1.5-rep3-55,2.807921,2.507061,5.317917,4,size
1.5,3,r1.5-rep3-56,2.412951,2.507061,4.922948,4,size
1.5,3,r1.5-rep3-57,4.725695,2.589846,7.318115,4,size
1.5,3,r1.5-rep3-58,4.456665,2.589846,7.049085,4,size
1.5,3,r1.5-rep3-59,4.202388,2.589846,6.794807,4,size
1.5,3,r1.5-rep3-60,4.108464,2.589846,6.700884,4,size
1.5,3,r1.5-rep3-61,5.977884,1.818462,7.798771,4,size
1.5,3,r1.5-rep3-62,5.061350,1.818462,6.882237,4,size
1.5,3,r1.5-rep3-63,4.051022,1.818462,5.871909,4,size
1.5,3,r1.5-rep3-64,0.498287,1.818462,2.319174,4,size
1.5,3,r1.5-rep3-65,0.911769,2.418822,3.331728,1,timeout
1.5,3,r1.5-rep3-66,2.241986,2.353710,4.597787,4,size
1.5,3,r1.5-rep3-67,1.536526,2.353710,3.892328,4,size
1.5,3,r1.5-rep3-68,1.136281,2.353710,3.492082,4,size
1.5,3,r1.5-rep3-69,1.105044,2.353710,3.460845,4,size
1.5,3,r1.5-rep3-70,2.814432,2.095614,4.912221,2,timeout
1.5,3,r1.5-rep3-71,2.385248,2.095614,4.483037,2,timeout
